"Product SKU";"Product Name";"Price";"Quantity";"category"
1168;"F-01130";150;150;"Сальники рулевых реек "
1167;"F-00235";150;149;"Сальники рулевых реек "
1166;"F-00253A";150;194;"Сальники рулевых реек "
1165;"F-00824";150;241;"Сальники рулевых реек "
1164;"F-01569";150;258;"Сальники рулевых реек "
1163;"F-00423A";150;23;"Сальники рулевых реек "
1162;"F-00247A";150;254;"Сальники рулевых реек "
1161;"F-00376X";150;242;"Сальники рулевых реек "
1160;"F-00090X";150;180;"Сальники рулевых реек "
1131;"F-00041";80;467;"Сальники рулевых реек "
1133;"F-00037X";80;58;"Сальники рулевых реек "
1134;"F-00849X";80;79;"Сальники рулевых реек "
1135;"F-00868X";80;80;"Сальники рулевых реек "
1136;"F-00561X";80;63;"Сальники рулевых реек "
1137;"F-00368X";80;60;"Сальники рулевых реек "
1138;"F-00109X";80;450;"Сальники рулевых реек "
1139;"F-01171";80;411;"Сальники рулевых реек "
1140;"F-00815";80;433;"Сальники рулевых реек "
1141;"F-01332";80;436;"Сальники рулевых реек "
1142;"F-00070";150;366;"Сальники рулевых реек "
1143;"F-01344";150;420;"Сальники рулевых реек "
1144;"F-00798";150;429;"Сальники рулевых реек "
1145;"F-01340";80;276;"Сальники рулевых реек "
1146;"F-00786X";80;250;"Сальники рулевых реек "
1147;"F-00786";80;96;"Сальники рулевых реек "
1148;"F-00211X";150;298;"Сальники рулевых реек "
1149;"F-01347";150;489;"Сальники рулевых реек "
1150;"F-01113";150;495;"Сальники рулевых реек "
1151;"F-00594";150;96;"Сальники рулевых реек "
1152;"F-00458";80;66;"Сальники рулевых реек "
1153;"F-00587XA";150;100;"Сальники рулевых реек "
1154;"F-00444XA";150;89;"Сальники рулевых реек "
1155;"F-00022XA";150;67;"Сальники рулевых реек "
1156;"F-00057XA";150;50;"Сальники рулевых реек "
1132;"F-00011X";80;32;"Сальники рулевых реек "
1129;"F-00635A";350;153;"Сальники рулевых реек "
1128;"F-00559";250;28;"Сальники рулевых реек "
1127;"F-00639";250;17;"Сальники рулевых реек "
1126;"F-00549";250;14;"Сальники рулевых реек "
1124;"F-01089";250;18;"Сальники рулевых реек "
1122;"F-00647";150;253;"Сальники рулевых реек "
1121;"F-01142";150;290;"Сальники рулевых реек "
1119;"F-01142X";150;245;"Сальники рулевых реек "
1125;"F-01087";250;359;"Сальники рулевых реек "
1123;"F-00804";250;26;"Сальники рулевых реек "
1120;"F-01037";150;98;"Сальники рулевых реек "
1118;"F-01037X";150;243;"Сальники рулевых реек "
1117;"F-01142XX";150;84;"Сальники рулевых реек "
1116;"F-01037XX";150;106;"Сальники рулевых реек "
1115;"F-00277";150;338;"Сальники рулевых реек "
1114;"F-00383";150;273;"Сальники рулевых реек "
1113;"F-00277X";150;364;"Сальники рулевых реек "
1112;"F-01139";150;358;"Сальники рулевых реек "
1111;"F-00451";250;0;"Сальники рулевых реек "
1110;"F-00988";150;113;"Сальники рулевых реек "
1109;"F-00939";150;134;"Сальники рулевых реек "
1107;"F-01062";150;200;"Сальники рулевых реек "
1106;"F-00398";150;198;"Сальники рулевых реек "
1105;"F-00424";150;327;"Сальники рулевых реек "
1104;"F-01178";150;286;"Сальники рулевых реек "
1103;"F-00984";150;329;"Сальники рулевых реек "
1102;"F-01085";150;25;"Сальники рулевых реек "
1101;"F-00451X";150;299;"Сальники рулевых реек "
1100;"F-00988X";150;144;"Сальники рулевых реек "
1099;"F-00939X";150;150;"Сальники рулевых реек "
1098;"F-01062X";150;150;"Сальники рулевых реек "
1097;"F-00398X";150;145;"Сальники рулевых реек "
1096;"F-01178X";150;150;"Сальники рулевых реек "
1095;"F-00451XX";150;232;"Сальники рулевых реек "
1094;"F-00988XX";150;106;"Сальники рулевых реек "
1093;"F-00939XX";150;106;"Сальники рулевых реек "
1092;"F-01062XX";150;106;"Сальники рулевых реек "
1091;"F-00398XX";150;71;"Сальники рулевых реек "
1090;"F-00908";150;221;"Сальники рулевых реек "
1089;"F-00742";150;319;"Сальники рулевых реек "
1088;"F-00857";200;89;"Сальники рулевых реек "
1087;"F-01006";150;181;"Сальники рулевых реек "
1086;"F-01043";150;274;"Сальники рулевых реек "
1085;"F-00827";150;173;"Сальники рулевых реек "
1084;"F-00745";150;220;"Сальники рулевых реек "
1083;"F-00581";150;219;"Сальники рулевых реек "
1082;"F-00902A";150;58;"Сальники рулевых реек "
1081;"F-00902";150;306;"Сальники рулевых реек "
1080;"F-00560";150;46;"Сальники рулевых реек "
1079;"F-00275";150;359;"Сальники рулевых реек "
1078;"F-00973";150;69;"Сальники рулевых реек "
1077;"F-00803";150;70;"Сальники рулевых реек "
1076;"F-00644";150;69;"Сальники рулевых реек "
1075;"F-01095";150;587;"Сальники рулевых реек "
1074;"F-00276";150;240;"Сальники рулевых реек "
1073;"F-01003";150;63;"Сальники рулевых реек "
1072;"F-00678";150;425;"Сальники рулевых реек "
1071;"F-00880";150;596;"Сальники рулевых реек "
1070;"F-00444M";150;331;"Сальники рулевых реек "
1069;"F-00444";150;387;"Сальники рулевых реек "
1068;"F-00737M";150;73;"Сальники рулевых реек "
1067;"F-00737";150;69;"Сальники рулевых реек "
1066;"F-00103M";150;64;"Сальники рулевых реек "
1065;"F-00103";150;70;"Сальники рулевых реек "
1064;"F-00569";150;302;"Сальники рулевых реек "
1063;"F-00446";150;155;"Сальники рулевых реек "
1062;"F-00446A";150;0;"Сальники рулевых реек "
1061;"F-01002";150;370;"Сальники рулевых реек "
1060;"F-0000D";150;1913;"Сальники рулевых реек "
1059;"F-00207";150;28;"Сальники рулевых реек "
1058;"F-00176";150;296;"Сальники рулевых реек "
1057;"F-00211";150;464;"Сальники рулевых реек "
1056;"F-00880X";150;636;"Сальники рулевых реек "
1055;"F-00091";150;443;"Сальники рулевых реек "
1054;"F-00857X";150;220;"Сальники рулевых реек "
1053;"F-01006X";150;370;"Сальники рулевых реек "
1052;"F-00827X";150;430;"Сальники рулевых реек "
1051;"F-00745X";150;77;"Сальники рулевых реек "
1050;"F-00581X";150;77;"Сальники рулевых реек "
1049;"F-00902XA";150;74;"Сальники рулевых реек "
1048;"F-00902X";150;142;"Сальники рулевых реек "
1047;"F-00560X";150;141;"Сальники рулевых реек "
1046;"F-00275X";150;52;"Сальники рулевых реек "
1045;"F-01095X";150;240;"Сальники рулевых реек "
1044;"F-00276X";150;20;"Сальники рулевых реек "
1043;"F-00678X";150;155;"Сальники рулевых реек "
1042;"F-00444X";150;289;"Сальники рулевых реек "
1041;"F-00737X";150;145;"Сальники рулевых реек "
1040;"F-00569X";150;149;"Сальники рулевых реек "
1039;"F-00103X";150;77;"Сальники рулевых реек "
1038;"F-00207X";150;0;"Сальники рулевых реек "
1037;"F-00827XX";150;39;"Сальники рулевых реек "
1036;"F-00910";150;232;"Сальники рулевых реек "
1035;"F-01104";150;125;"Сальники рулевых реек "
1034;"F-01030";150;106;"Сальники рулевых реек "
1033;"F-00560XX";150;300;"Сальники рулевых реек "
1032;"F-00582";150;160;"Сальники рулевых реек "
1031;"F-01095XX";150;333;"Сальники рулевых реек "
1030;"F-00276XX";150;97;"Сальники рулевых реек "
1028;"F-00932";150;27;"Сальники рулевых реек "
1027;"F-00444XX";150;23;"Сальники рулевых реек "
1026;"F-00205";150;255;"Сальники рулевых реек "
1024;"F-00290";150;190;"Сальники рулевых реек "
1023;"F-00289";150;182;"Сальники рулевых реек "
1022;"F-00587M";150;322;"Сальники рулевых реек "
1021;"F-00587";150;201;"Сальники рулевых реек "
1020;"F-00588";150;406;"Сальники рулевых реек "
1019;"F-00910X";150;366;"Сальники рулевых реек "
1018;"F-01104X";150;75;"Сальники рулевых реек "
1017;"F-01030X";150;75;"Сальники рулевых реек "
1016;"F-00880XX";150;155;"Сальники рулевых реек "
1015;"F-00290X";150;370;"Сальники рулевых реек "
1014;"F-00289X";150;140;"Сальники рулевых реек "
1013;"F-00587X";150;457;"Сальники рулевых реек "
1012;"F-00588X";150;345;"Сальники рулевых реек "
1011;"F-00622";150;821;"Сальники рулевых реек "
1010;"F-01104XX";150;324;"Сальники рулевых реек "
1009;"F-01223";150;311;"Сальники рулевых реек "
1008;"F-00374";150;413;"Сальники рулевых реек "
1007;"F-00755";150;0;"Сальники рулевых реек "
1006;"F-00718";150;352;"Сальники рулевых реек "
1005;"F-00585";150;324;"Сальники рулевых реек "
1004;"F-00486A";150;21;"Сальники рулевых реек "
1003;"F-01063";150;157;"Сальники рулевых реек "
1002;"F-00450";150;153;"Сальники рулевых реек "
1001;"F-00801";150;149;"Сальники рулевых реек "
1000;"F-00274";150;300;"Сальники рулевых реек "
999;"F-00719";150;96;"Сальники рулевых реек "
998;"F-00274M";150;99;"Сальники рулевых реек "
997;"F-00756";150;104;"Сальники рулевых реек "
996;"F-01125";150;204;"Сальники рулевых реек "
994;"F-00273";150;103;"Сальники рулевых реек "
993;"F-00272";150;298;"Сальники рулевых реек "
992;"F-00725";150;299;"Сальники рулевых реек "
991;"F-00800";150;211;"Сальники рулевых реек "
990;"F-00046";80;425;"Сальники рулевых реек "
989;"F-00587XX";150;389;"Сальники рулевых реек "
988;"F-00850";150;122;"Сальники рулевых реек "
987;"F-00208";150;119;"Сальники рулевых реек "
986;"F-00588XX";150;357;"Сальники рулевых реек "
985;"F-01050";150;265;"Сальники рулевых реек "
984;"F-00704";150;263;"Сальники рулевых реек "
983;"F-00593";150;135;"Сальники рулевых реек "
982;"F-00417A";150;96;"Сальники рулевых реек "
981;"F-00762";150;124;"Сальники рулевых реек "
980;"F-00486";150;119;"Сальники рулевых реек "
979;"F-00029";150;125;"Сальники рулевых реек "
978;"F-00021";150;123;"Сальники рулевых реек "
977;"F-00417";150;256;"Сальники рулевых реек "
976;"F-00033";150;126;"Сальники рулевых реек "
975;"F-00017";150;221;"Сальники рулевых реек "
974;"F-00271";150;63;"Сальники рулевых реек "
973;"F-00539M";150;353;"Сальники рулевых реек "
972;"F-00539";150;138;"Сальники рулевых реек "
971;"F-00537";150;345;"Сальники рулевых реек "
970;"F-00209";80;214;"Сальники рулевых реек "
969;"F-00062M";150;223;"Сальники рулевых реек "
968;"F-00062";80;93;"Сальники рулевых реек "
967;"F-00727";150;17;"Сальники рулевых реек "
966;"F-00622X";150;398;"Сальники рулевых реек "
965;"F-01030XX";150;198;"Сальники рулевых реек "
964;"F-00755X";150;9;"Сальники рулевых реек "
963;"F-00718X";150;9;"Сальники рулевых реек "
962;"F-00585X";150;375;"Сальники рулевых реек "
961;"F-01063X";150;54;"Сальники рулевых реек "
960;"F-00801X";150;80;"Сальники рулевых реек "
959;"F-00450X";150;35;"Сальники рулевых реек "
958;"F-00756X";150;30;"Сальники рулевых реек "
957;"F-00719X";150;185;"Сальники рулевых реек "
956;"F-00274X";150;35;"Сальники рулевых реек "
955;"F-01125X";150;122;"Сальники рулевых реек "
954;"F-00273X";150;105;"Сальники рулевых реек "
953;"F-00272X";150;238;"Сальники рулевых реек "
952;"F-00725X";150;380;"Сальники рулевых реек "
951;"F-00800X";150;337;"Сальники рулевых реек "
950;"F-01050X";150;357;"Сальники рулевых реек "
949;"F-00762X";150;75;"Сальники рулевых реек "
948;"F-00486X";150;75;"Сальники рулевых реек "
947;"F-00029X";150;75;"Сальники рулевых реек "
946;"F-00021X";150;70;"Сальники рулевых реек "
945;"F-00593X";150;115;"Сальники рулевых реек "
944;"F-00417X";150;115;"Сальники рулевых реек "
943;"F-00033X";150;111;"Сальники рулевых реек "
942;"F-00017X";150;115;"Сальники рулевых реек "
941;"F-00539X";150;217;"Сальники рулевых реек "
940;"F-00539XM";150;453;"Сальники рулевых реек "
939;"F-00537X";150;88;"Сальники рулевых реек "
938;"F-00062X";150;281;"Сальники рулевых реек "
937;"F-00435";150;116;"Сальники рулевых реек "
936;"F-00073";150;127;"Сальники рулевых реек "
935;"F-00622XX";150;110;"Сальники рулевых реек "
934;"F-00755XX";150;318;"Сальники рулевых реек "
933;"F-00980";80;192;"Сальники рулевых реек "
932;"F-00673";80;243;"Сальники рулевых реек "
931;"F-00358";80;540;"Сальники рулевых реек "
930;"F-00762XX";150;80;"Сальники рулевых реек "
929;"F-00486XX";150;80;"Сальники рулевых реек "
928;"F-00029XX";150;80;"Сальники рулевых реек "
927;"F-00021XX";150;127;"Сальники рулевых реек "
926;"F-00033XX";150;80;"Сальники рулевых реек "
925;"F-00017XX";150;81;"Сальники рулевых реек "
924;"F-01069";150;169;"Сальники рулевых реек "
923;"F-01066";150;167;"Сальники рулевых реек "
922;"F-00537XX";150;347;"Сальники рулевых реек "
921;"F-00062XX";150;51;"Сальники рулевых реек "
920;"F-00433A";150;11;"Сальники рулевых реек "
919;"F-00980X";150;141;"Сальники рулевых реек "
918;"F-00673X";150;143;"Сальники рулевых реек "
917;"F-00495";80;239;"Сальники рулевых реек "
916;"F-00433";150;332;"Сальники рулевых реек "
915;"F-00343";150;290;"Сальники рулевых реек "
914;"F-00633";80;111;"Сальники рулевых реек "
913;"F-00431";80;92;"Сальники рулевых реек "
912;"F-00081";80;123;"Сальники рулевых реек "
911;"F-01069X";150;318;"Сальники рулевых реек "
910;"F-00522";150;222;"Сальники рулевых реек "
909;"F-00729";150;25;"Сальники рулевых реек "
908;"F-00113";80;682;"Сальники рулевых реек "
907;"F-00752";150;137;"Сальники рулевых реек "
906;"F-00750";150;99;"Сальники рулевых реек "
905;"F-00286";150;228;"Сальники рулевых реек "
904;"F-01090";150;428;"Сальники рулевых реек "
903;"F-00843";150;107;"Сальники рулевых реек "
902;"F-00816";150;1157;"Сальники рулевых реек "
901;"F-01023";150;235;"Сальники рулевых реек "
900;"F-00869";150;235;"Сальники рулевых реек "
899;"F-00045";150;309;"Сальники рулевых реек "
898;"F-00706";150;263;"Сальники рулевых реек "
897;"F-00709";150;493;"Сальники рулевых реек "
896;"F-00961";150;309;"Сальники рулевых реек "
895;"F-00814";150;36;"Сальники рулевых реек "
894;"F-00269M";150;33;"Сальники рулевых реек "
893;"F-00743";150;31;"Сальники рулевых реек "
892;"F-00269";150;167;"Сальники рулевых реек "
891;"F-00204";80;15;"Сальники рулевых реек "
890;"F-00269A";150;228;"Сальники рулевых реек "
889;"F-01151";150;137;"Сальники рулевых реек "
888;"F-00749";150;73;"Сальники рулевых реек "
887;"F-00662M";150;112;"Сальники рулевых реек "
886;"F-00662";150;15;"Сальники рулевых реек "
885;"F-00546M";150;120;"Сальники рулевых реек "
884;"F-00546";150;5;"Сальники рулевых реек "
883;"F-00139M";150;39;"Сальники рулевых реек "
882;"F-00139";150;8;"Сальники рулевых реек "
881;"F-00478";150;140;"Сальники рулевых реек "
880;"F-00172";150;122;"Сальники рулевых реек "
879;"F-00548";80;23;"Сальники рулевых реек "
878;"F-00434";80;43;"Сальники рулевых реек "
877;"F-00943";150;275;"Сальники рулевых реек "
876;"F-00057";150;195;"Сальники рулевых реек "
875;"F-00022";150;195;"Сальники рулевых реек "
874;"F-00754";150;130;"Сальники рулевых реек "
873;"F-00492";150;126;"Сальники рулевых реек "
872;"F-00589AM";150;0;"Сальники рулевых реек "
871;"F-00394";80;202;"Сальники рулевых реек "
870;"F-00835";80;340;"Сальники рулевых реек "
869;"F-00589A";150;223;"Сальники рулевых реек "
868;"F-00378";150;1150;"Сальники рулевых реек "
867;"F-01048";150;173;"Сальники рулевых реек "
866;"F-00589M";150;107;"Сальники рулевых реек "
865;"F-00404";80;180;"Сальники рулевых реек "
864;"F-00142";80;180;"Сальники рулевых реек "
863;"F-00981M";150;143;"Сальники рулевых реек "
862;"F-00981";80;180;"Сальники рулевых реек "
861;"F-00479M";150;70;"Сальники рулевых реек "
860;"F-00479";80;170;"Сальники рулевых реек "
859;"F-00026M";150;83;"Сальники рулевых реек "
858;"F-00026";80;165;"Сальники рулевых реек "
857;"F-00589";150;70;"Сальники рулевых реек "
856;"F-00584";150;92;"Сальники рулевых реек "
855;"F-00409";150;108;"Сальники рулевых реек "
854;"F-01024";80;71;"Сальники рулевых реек "
853;"F-00487";80;108;"Сальники рулевых реек "
852;"F-00169";80;95;"Сальники рулевых реек "
851;"F-00979";80;129;"Сальники рулевых реек "
850;"F-00682";80;101;"Сальники рулевых реек "
849;"F-00319";80;22;"Сальники рулевых реек "
848;"F-00088";80;33;"Сальники рулевых реек "
847;"F-00134";80;123;"Сальники рулевых реек "
846;"F-00132";80;106;"Сальники рулевых реек "
845;"F-00996";150;82;"Сальники рулевых реек "
844;"F-00970";150;59;"Сальники рулевых реек "
843;"F-01177";150;250;"Сальники рулевых реек "
842;"F-00810";150;239;"Сальники рулевых реек "
841;"F-00751";150;469;"Сальники рулевых реек "
840;"F-00951";150;130;"Сальники рулевых реек "
839;"F-00872";150;139;"Сальники рулевых реек "
838;"F-00624";150;45;"Сальники рулевых реек "
837;"F-00766";150;54;"Сальники рулевых реек "
836;"F-00375";150;44;"Сальники рулевых реек "
835;"F-01045";150;133;"Сальники рулевых реек "
834;"F-00847";150;65;"Сальники рулевых реек "
833;"F-00940";150;455;"Сальники рулевых реек "
832;"F-00899";150;137;"Сальники рулевых реек "
831;"F-00697";150;110;"Сальники рулевых реек "
830;"F-00540";150;512;"Сальники рулевых реек "
829;"F-00950";150;170;"Сальники рулевых реек "
828;"F-00871";150;168;"Сальники рулевых реек "
827;"F-00270";150;21;"Сальники рулевых реек "
826;"F-00962";150;75;"Сальники рулевых реек "
825;"F-00960";150;73;"Сальники рулевых реек "
824;"F-00914";150;71;"Сальники рулевых реек "
823;"F-00270M";150;73;"Сальники рулевых реек "
822;"F-00268";150;19;"Сальники рулевых реек "
821;"F-00268A";150;150;"Сальники рулевых реек "
820;"F-00814X";150;360;"Сальники рулевых реек "
819;"F-00900";150;212;"Сальники рулевых реек "
818;"F-00809";150;209;"Сальники рулевых реек "
817;"F-00698";150;374;"Сальники рулевых реек "
816;"F-00139X1";150;345;"Сальники рулевых реек "
815;"F-00735";150;174;"Сальники рулевых реек "
814;"F-00734";150;359;"Сальники рулевых реек "
813;"F-00128";150;450;"Сальники рулевых реек "
812;"F-00765";150;349;"Сальники рулевых реек "
811;"F-00133";150;250;"Сальники рулевых реек "
810;"F-00985";80;17;"Сальники рулевых реек "
809;"F-00817";80;13;"Сальники рулевых реек "
808;"F-01023X";150;211;"Сальники рулевых реек "
807;"F-00869X";150;215;"Сальники рулевых реек "
806;"F-00706X";150;281;"Сальники рулевых реек "
805;"F-00270AX";150;210;"Сальники рулевых реек "
804;"F-00961X";150;330;"Сальники рулевых реек "
803;"F-00743X";150;43;"Сальники рулевых реек "
802;"F-00269X";150;43;"Сальники рулевых реек "
801;"F-01151Х";150;27;"Сальники рулевых реек "
800;"F-00749Х";150;27;"Сальники рулевых реек "
799;"F-00662Х";150;27;"Сальники рулевых реек "
798;"F-00546Х";150;27;"Сальники рулевых реек "
797;"F-00139Х";150;20;"Сальники рулевых реек "
796;"F-00057X";150;160;"Сальники рулевых реек "
795;"F-00022X";150;167;"Сальники рулевых реек "
794;"F-00754X";150;10;"Сальники рулевых реек "
793;"F-00492X";150;20;"Сальники рулевых реек "
792;"F-01048X";150;100;"Сальники рулевых реек "
791;"F-00589X";150;100;"Сальники рулевых реек "
790;"F-00026X";150;90;"Сальники рулевых реек "
789;"F-00378X";150;650;"Сальники рулевых реек "
788;"F-00584X";150;9;"Сальники рулевых реек "
787;"F-00409X";150;15;"Сальники рулевых реек "
786;"F-00996X";150;170;"Сальники рулевых реек "
785;"F-00970X";150;168;"Сальники рулевых реек "
784;"F-01177X";150;210;"Сальники рулевых реек "
783;"F-00810X";150;218;"Сальники рулевых реек "
782;"F-00931";150;327;"Сальники рулевых реек "
781;"F-01054";150;130;"Сальники рулевых реек "
780;"F-00986";150;128;"Сальники рулевых реек "
779;"F-00825";150;124;"Сальники рулевых реек "
778;"F-00752XX";150;43;"Сальники рулевых реек "
777;"F-00671";150;125;"Сальники рулевых реек "
776;"F-00951X";150;86;"Сальники рулевых реек "
775;"F-00872X";150;91;"Сальники рулевых реек "
774;"F-00624X";150;81;"Сальники рулевых реек "
773;"F-00838";150;339;"Сальники рулевых реек "
772;"F-01090XX";150;37;"Сальники рулевых реек "
771;"F-00766X";150;39;"Сальники рулевых реек "
770;"F-00375X";150;30;"Сальники рулевых реек "
769;"F-01028";150;36;"Сальники рулевых реек "
768;"F-01029";150;242;"Сальники рулевых реек "
767;"F-01045X";150;110;"Сальники рулевых реек "
766;"F-00847X";150;107;"Сальники рулевых реек "
765;"F-00267";150;12;"Сальники рулевых реек "
764;"F-00266";150;162;"Сальники рулевых реек "
763;"F-00540X";150;341;"Сальники рулевых реек "
762;"F-00270X";150;245;"Сальники рулевых реек "
761;"F-00960X";150;81;"Сальники рулевых реек "
760;"F-00914X";150;82;"Сальники рулевых реек "
759;"F-00877";150;244;"Сальники рулевых реек "
758;"F-00265";150;237;"Сальники рулевых реек "
757;"F-00839";150;137;"Сальники рулевых реек "
756;"F-00821";150;122;"Сальники рулевых реек "
755;"F-00698X";150;155;"Сальники рулевых реек "
754;"F-00057XX";150;45;"Сальники рулевых реек "
753;"F-00022XX";150;45;"Сальники рулевых реек "
752;"F-00735X";150;338;"Сальники рулевых реек "
751;"F-00734X";150;458;"Сальники рулевых реек "
750;"F-00128X";150;500;"Сальники рулевых реек "
749;"F-00492XX";150;161;"Сальники рулевых реек "
748;"F-00589XX";150;224;"Сальники рулевых реек "
747;"F-00378XX";150;213;"Сальники рулевых реек "
746;"F-01048XX";150;157;"Сальники рулевых реек "
745;"F-00765X";150;145;"Сальники рулевых реек "
743;"F-00133X";150;152;"Сальники рулевых реек "
742;"F-00811";80;309;"Сальники рулевых реек "
741;"F-00408";80;873;"Сальники рулевых реек "
740;"F-00101";80;21;"Сальники рулевых реек "
739;"F-00367";80;70;"Сальники рулевых реек "
738;"F-00931X";150;323;"Сальники рулевых реек "
737;"F-01054X";150;87;"Сальники рулевых реек "
736;"F-00986X";150;90;"Сальники рулевых реек "
735;"F-00825X";150;88;"Сальники рулевых реек "
734;"F-00671X";150;88;"Сальники рулевых реек "
733;"F-00838X";150;373;"Сальники рулевых реек "
732;"F-01028X";150;350;"Сальники рулевых реек "
731;"F-00922";150;63;"Сальники рулевых реек "
730;"F-00683";150;65;"Сальники рулевых реек "
729;"F-00267X";150;65;"Сальники рулевых реек "
728;"F-00264";150;55;"Сальники рулевых реек "
727;"F-00263";150;64;"Сальники рулевых реек "
726;"F-00266X";150;123;"Сальники рулевых реек "
725;"F-00540XX";150;348;"Сальники рулевых реек "
724;"F-00877X";150;364;"Сальники рулевых реек "
723;"F-00265X";150;523;"Сальники рулевых реек "
722;"F-00839X";150;144;"Сальники рулевых реек "
721;"F-00821X";150;132;"Сальники рулевых реек "
720;"F-00859";80;290;"Сальники рулевых реек "
719;"F-00826";150;236;"Сальники рулевых реек "
718;"F-01154";150;151;"Сальники рулевых реек "
717;"F-01019";150;151;"Сальники рулевых реек "
716;"F-00990";150;144;"Сальники рулевых реек "
715;"F-00930";150;156;"Сальники рулевых реек "
714;"F-01176";150;90;"Сальники рулевых реек "
713;"F-00881";150;93;"Сальники рулевых реек "
712;"F-00400";150;72;"Сальники рулевых реек "
711;"F-00780";150;119;"Сальники рулевых реек "
710;"F-00832";150;354;"Сальники рулевых реек "
709;"F-00376";150;176;"Сальники рулевых реек "
708;"F-00259M";150;325;"Сальники рулевых реек "
707;"F-00259";150;21;"Сальники рулевых реек "
706;"F-00544A";150;143;"Сальники рулевых реек "
705;"F-00994";150;4;"Сальники рулевых реек "
704;"F-00813";150;5;"Сальники рулевых реек "
703;"F-01138";150;6;"Сальники рулевых реек "
702;"F-00922X";150;0;"Сальники рулевых реек "
701;"F-00683X";150;4;"Сальники рулевых реек "
700;"F-00544";150;6;"Сальники рулевых реек "
699;"F-00501";150;4;"Сальники рулевых реек "
698;"F-00952";150;235;"Сальники рулевых реек "
697;"F-00542M";150;230;"Сальники рулевых реек "
696;"F-00475";150;231;"Сальники рулевых реек "
695;"F-00542A";150;300;"Сальники рулевых реек "
694;"F-00542";150;0;"Сальники рулевых реек "
693;"F-00257";150;247;"Сальники рулевых реек "
692;"F-00447";150;153;"Сальники рулевых реек "
691;"F-00401";150;153;"Сальники рулевых реек "
690;"F-00401A";150;318;"Сальники рулевых реек "
689;"F-01107";150;238;"Сальники рулевых реек "
688;"F-00934";150;226;"Сальники рулевых реек "
687;"F-00695";150;235;"Сальники рулевых реек "
686;"F-00583";150;231;"Сальники рулевых реек "
685;"F-00592";150;114;"Сальники рулевых реек "
684;"F-00262M";150;26;"Сальники рулевых реек "
683;"F-00262";150;290;"Сальники рулевых реек "
682;"F-00258";150;58;"Сальники рулевых реек "
681;"F-01141";150;243;"Сальники рулевых реек "
680;"F-00380";150;358;"Сальники рулевых реек "
679;"F-00694";150;161;"Сальники рулевых реек "
678;"F-00535";150;302;"Сальники рулевых реек "
677;"F-00812";150;110;"Сальники рулевых реек "
676;"F-00545";150;128;"Сальники рулевых реек "
675;"F-00541";150;94;"Сальники рулевых реек "
674;"F-00371";150;155;"Сальники рулевых реек "
673;"F-00261";150;121;"Сальники рулевых реек "
672;"F-01170";150;100;"Сальники рулевых реек "
671;"F-00923";150;100;"Сальники рулевых реек "
670;"F-00545M";150;98;"Сальники рулевых реек "
669;"F-00371M";150;100;"Сальники рулевых реек "
668;"F-00261M";150;91;"Сальники рулевых реек "
667;"F-00206";80;1378;"Сальники рулевых реек "
666;"F-00373";150;119;"Сальники рулевых реек "
665;"F-00389";80;287;"Сальники рулевых реек "
664;"F-00675";80;74;"Сальники рулевых реек "
663;"F-00490";80;67;"Сальники рулевых реек "
662;"F-00124";80;73;"Сальники рулевых реек "
661;"F-00047";80;52;"Сальники рулевых реек "
660;"F-00331";80;241;"Сальники рулевых реек "
659;"F-00303";80;135;"Сальники рулевых реек "
658;"F-00483";80;75;"Сальники рулевых реек "
657;"F-00025";80;70;"Сальники рулевых реек "
656;"F-00309";80;55;"Сальники рулевых реек "
655;"F-00256";150;811;"Сальники рулевых реек "
654;"F-00339";150;459;"Сальники рулевых реек "
653;"F-00520";80;241;"Сальники рулевых реек "
652;"F-00141";80;221;"Сальники рулевых реек "
651;"F-00826X";150;345;"Сальники рулевых реек "
650;"F-01154X";150;155;"Сальники рулевых реек "
649;"F-01019X";150;155;"Сальники рулевых реек "
648;"F-00990X";150;56;"Сальники рулевых реек "
647;"F-00930X";150;60;"Сальники рулевых реек "
646;"F-01176X";150;7;"Сальники рулевых реек "
645;"F-00881X";150;4;"Сальники рулевых реек "
644;"F-00400X";150;0;"Сальники рулевых реек "
643;"F-00780X";150;175;"Сальники рулевых реек "
642;"F-00832X";150;245;"Сальники рулевых реек "
641;"F-00259X";150;51;"Сальники рулевых реек "
640;"F-00247";150;0;"Сальники рулевых реек "
639;"F-01138X";150;0;"Сальники рулевых реек "
638;"F-00994X";150;0;"Сальники рулевых реек "
637;"F-00813X";150;0;"Сальники рулевых реек "
636;"F-00544X";150;0;"Сальники рулевых реек "
635;"F-00501X";150;0;"Сальники рулевых реек "
634;"F-00952X";150;91;"Сальники рулевых реек "
633;"F-00542X";150;24;"Сальники рулевых реек "
632;"F-00475X";150;300;"Сальники рулевых реек "
631;"F-01044";150;75;"Сальники рулевых реек "
630;"F-00447X";150;75;"Сальники рулевых реек "
629;"F-00401X";150;75;"Сальники рулевых реек "
628;"F-00255M";150;74;"Сальники рулевых реек "
627;"F-00401AX";150;135;"Сальники рулевых реек "
625;"F-01107X";150;93;"Сальники рулевых реек "
624;"F-00934X";150;71;"Сальники рулевых реек "
623;"F-00254";150;72;"Сальники рулевых реек "
622;"F-00253";150;109;"Сальники рулевых реек "
621;"F-00592X";150;118;"Сальники рулевых реек "
620;"F-00262X";150;20;"Сальники рулевых реек "
619;"F-00380X";150;310;"Сальники рулевых реек "
618;"F-00524";150;145;"Сальники рулевых реек "
617;"F-00535X";150;18;"Сальники рулевых реек "
616;"F-00399";150;199;"Сальники рулевых реек "
615;"F-00251";150;191;"Сальники рулевых реек "
614;"F-01170X";150;100;"Сальники рулевых реек "
613;"F-00923X";150;83;"Сальники рулевых реек "
612;"F-00541X";150;54;"Сальники рулевых реек "
611;"F-00371X";150;65;"Сальники рулевых реек "
610;"F-00261X";150;72;"Сальники рулевых реек "
609;"F-00373X";150;260;"Сальники рулевых реек "
608;"F-00025X";150;425;"Сальники рулевых реек "
607;"F-00826XX";150;180;"Сальники рулевых реек "
606;"F-00242";150;164;"Сальники рулевых реек "
605;"F-00788";80;85;"Сальники рулевых реек "
604;"F-00282";150;103;"Сальники рулевых реек "
603;"F-00860";150;76;"Сальники рулевых реек "
602;"F-00808";150;66;"Сальники рулевых реек "
601;"F-00247X";150;260;"Сальники рулевых реек "
600;"F-00377";150;85;"Сальники рулевых реек "
599;"F-00714";150;60;"Сальники рулевых реек "
598;"F-00518M";150;60;"Сальники рулевых реек "
597;"F-00518";150;13;"Сальники рулевых реек "
596;"F-00293";150;9;"Сальники рулевых реек "
595;"F-00241M";150;55;"Сальники рулевых реек "
594;"F-00241";150;29;"Сальники рулевых реек "
593;"F-00255X";150;164;"Сальники рулевых реек "
592;"F-00661M";150;139;"Сальники рулевых реек "
591;"F-00661";150;215;"Сальники рулевых реек "
590;"F-00120M";150;134;"Сальники рулевых реек "
589;"F-00120";150;216;"Сальники рулевых реек "
588;"F-00411";150;362;"Сальники рулевых реек "
587;"F-00534M";150;72;"Сальники рулевых реек "
586;"F-00534";150;514;"Сальники рулевых реек "
585;"F-00534A";150;143;"Сальники рулевых реек "
584;"F-00669";150;95;"Сальники рулевых реек "
583;"F-00288M";150;100;"Сальники рулевых реек "
582;"F-00253X";150;94;"Сальники рулевых реек "
581;"F-00288";150;147;"Сальники рулевых реек "
580;"F-00935";150;295;"Сальники рулевых реек "
579;"F-00106";150;33;"Сальники рулевых реек "
578;"F-00819";150;22;"Сальники рулевых реек "
577;"F-00731";150;27;"Сальники рулевых реек "
575;"F-00524X";150;239;"Сальники рулевых реек "
574;"F-00094";150;241;"Сальники рулевых реек "
573;"F-00658";150;40;"Сальники рулевых реек "
572;"F-00246";150;47;"Сальники рулевых реек "
571;"F-00129";150;59;"Сальники рулевых реек "
570;"F-00488";150;436;"Сальники рулевых реек "
569;"F-00604";150;218;"Сальники рулевых реек "
568;"F-00527";150;260;"Сальники рулевых реек "
567;"F-00126A";150;78;"Сальники рулевых реек "
566;"F-00281";150;54;"Сальники рулевых реек "
565;"F-00244";150;60;"Сальники рулевых реек "
564;"F-01173";80;140;"Сальники рулевых реек "
563;"F-00096";80;148;"Сальники рулевых реек "
562;"F-01046";150;1;"Сальники рулевых реек "
560;"F-00031";80;209;"Сальники рулевых реек "
558;"F-01046M";150;300;"Сальники рулевых реек "
557;"F-00448";150;207;"Сальники рулевых реек "
556;"F-00126";150;416;"Сальники рулевых реек "
555;"F-01175";150;205;"Сальники рулевых реек "
554;"F-00653";150;215;"Сальники рулевых реек "
553;"F-01222";150;206;"Сальники рулевых реек "
552;"F-01042";150;198;"Сальники рулевых реек "
551;"F-00485";150;154;"Сальники рулевых реек "
550;"F-00467";150;150;"Сальники рулевых реек "
549;"F-00369";150;159;"Сальники рулевых реек "
548;"F-00023";150;143;"Сальники рулевых реек "
547;"F-00844";150;191;"Сальники рулевых реек "
546;"F-00243M";150;197;"Сальники рулевых реек "
545;"F-00243";150;67;"Сальники рулевых реек "
544;"F-00093";150;139;"Сальники рулевых реек "
543;"F-01166";150;199;"Сальники рулевых реек "
542;"F-00713";150;154;"Сальники рулевых реек "
541;"F-00071";150;235;"Сальники рулевых реек "
540;"F-00721";80;468;"Сальники рулевых реек "
539;"F-00423";150;22;"Сальники рулевых реек "
538;"F-00530";80;93;"Сальники рулевых реек "
537;"F-00107";150;199;"Сальники рулевых реек "
536;"F-00631";150;133;"Сальники рулевых реек "
535;"F-00509";150;136;"Сальники рулевых реек "
534;"F-00245";150;217;"Сальники рулевых реек "
533;"F-00245M";150;325;"Сальники рулевых реек "
532;"F-00199";80;198;"Сальники рулевых реек "
531;"F-00009";80;103;"Сальники рулевых реек "
530;"F-00696";80;93;"Сальники рулевых реек "
529;"F-00724";150;271;"Сальники рулевых реек "
528;"F-00406";150;275;"Сальники рулевых реек "
527;"F-00135";150;251;"Сальники рулевых реек "
526;"F-00422";80;81;"Сальники рулевых реек "
525;"F-00196";80;99;"Сальники рулевых реек "
524;"F-00311";80;107;"Сальники рулевых реек "
523;"F-00489";150;415;"Сальники рулевых реек "
522;"F-00312";80;95;"Сальники рулевых реек "
521;"F-00301";80;78;"Сальники рулевых реек "
520;"F-00613";150;92;"Сальники рулевых реек "
519;"F-00072";150;350;"Сальники рулевых реек "
518;"F-0000C";150;453;"Сальники рулевых реек "
517;"F-00911";150;143;"Сальники рулевых реек "
516;"F-00764";150;150;"Сальники рулевых реек "
515;"F-00015";150;154;"Сальники рулевых реек "
514;"F-00038M";150;196;"Сальники рулевых реек "
513;"F-00038";150;343;"Сальники рулевых реек "
512;"F-00014M";150;184;"Сальники рулевых реек "
511;"F-00014";150;54;"Сальники рулевых реек "
510;"F-00243X1";150;50;"Сальники рулевых реек "
509;"F-00038X1";150;42;"Сальники рулевых реек "
508;"F-00014X1";150;30;"Сальники рулевых реек "
507;"F-00242X";150;360;"Сальники рулевых реек "
506;"F-00377X";150;304;"Сальники рулевых реек "
505;"F-00714X";150;60;"Сальники рулевых реек "
504;"F-00518X";150;51;"Сальники рулевых реек "
503;"F-00293X";150;64;"Сальники рулевых реек "
502;"F-00241X";150;66;"Сальники рулевых реек "
501;"F-00120X";150;74;"Сальники рулевых реек "
500;"F-00534X";150;323;"Сальники рулевых реек "
498;"F-00669X";150;102;"Сальники рулевых реек "
497;"F-00288X";150;117;"Сальники рулевых реек "
496;"F-00935X";150;0;"Сальники рулевых реек "
495;"F-00106X";150;0;"Сальники рулевых реек "
494;"F-00094X";150;135;"Сальники рулевых реек "
493;"F-00246X";150;59;"Сальники рулевых реек "
492;"F-00129X";150;35;"Сальники рулевых реек "
491;"F-00488X";150;318;"Сальники рулевых реек "
490;"F-00448X";150;85;"Сальники рулевых реек "
489;"F-00281X";150;175;"Сальники рулевых реек "
488;"F-00070X";150;170;"Сальники рулевых реек "
487;"F-01175X";150;85;"Сальники рулевых реек "
486;"F-00653X";150;79;"Сальники рулевых реек "
485;"F-00911X";150;45;"Сальники рулевых реек "
484;"F-00764X";150;45;"Сальники рулевых реек "
483;"F-00485X";150;45;"Сальники рулевых реек "
482;"F-00467X";150;45;"Сальники рулевых реек "
481;"F-00369X";150;45;"Сальники рулевых реек "
480;"F-00023X";150;40;"Сальники рулевых реек "
479;"F-00015X";150;45;"Сальники рулевых реек "
478;"F-00243X";150;100;"Сальники рулевых реек "
477;"F-00038X";150;68;"Сальники рулевых реек "
476;"F-00014X";150;100;"Сальники рулевых реек "
475;"F-00713X";150;290;"Сальники рулевых реек "
474;"F-00071X";150;288;"Сальники рулевых реек "
473;"F-00423X";150;305;"Сальники рулевых реек "
472;"F-00107X";150;146;"Сальники рулевых реек "
471;"F-00724X";150;100;"Сальники рулевых реек "
470;"F-00406X";150;90;"Сальники рулевых реек "
469;"F-00135X";150;87;"Сальники рулевых реек "
468;"F-00072X";150;55;"Сальники рулевых реек "
467;"F-00941";150;116;"Сальники рулевых реек "
466;"F-01099";150;176;"Сальники рулевых реек "
465;"F-01096";150;180;"Сальники рулевых реек "
464;"F-01150";150;191;"Сальники рулевых реек "
463;"F-00712";150;157;"Сальники рулевых реек "
462;"F-00599";150;49;"Сальники рулевых реек "
461;"F-00099";80;27;"Сальники рулевых реек "
460;"F-00234";150;164;"Сальники рулевых реек "
459;"F-00171A";150;299;"Сальники рулевых реек "
458;"F-00965";150;164;"Сальники рулевых реек "
457;"F-00818";150;33;"Сальники рулевых реек "
456;"F-00171";150;13;"Сальники рулевых реек "
455;"F-00426";150;155;"Сальники рулевых реек "
454;"F-00407";150;165;"Сальники рулевых реек "
453;"F-00233";150;154;"Сальники рулевых реек "
452;"F-00232";150;164;"Сальники рулевых реек "
451;"F-00917";150;202;"Сальники рулевых реек "
450;"F-00878M";150;224;"Сальники рулевых реек "
449;"F-00878";150;34;"Сальники рулевых реек "
448;"F-00515M";150;209;"Сальники рулевых реек "
447;"F-00515";150;75;"Сальники рулевых реек "
446;"F-00231";150;205;"Сальники рулевых реек "
445;"F-00291";150;11;"Сальники рулевых реек "
444;"F-01117";150;96;"Сальники рулевых реек "
443;"F-00230";150;306;"Сальники рулевых реек "
442;"F-01009";150;105;"Сальники рулевых реек "
441;"F-00983";150;70;"Сальники рулевых реек "
440;"F-00668";150;90;"Сальники рулевых реек "
439;"F-00240";150;91;"Сальники рулевых реек "
438;"F-00230M";150;108;"Сальники рулевых реек "
437;"F-00228";150;80;"Сальники рулевых реек "
436;"F-01129";150;118;"Сальники рулевых реек "
435;"F-00919";150;119;"Сальники рулевых реек "
434;"F-00717";150;560;"Сальники рулевых реек "
433;"F-00397";150;547;"Сальники рулевых реек "
432;"F-01092M";150;224;"Сальники рулевых реек "
431;"F-01092";150;48;"Сальники рулевых реек "
430;"F-00474";150;231;"Сальники рулевых реек "
429;"F-00090M";150;203;"Сальники рулевых реек "
428;"F-00090";150;78;"Сальники рулевых реек "
427;"F-00488XX";150;185;"Сальники рулевых реек "
426;"F-01018";150;154;"Сальники рулевых реек "
425;"F-00229";150;350;"Сальники рулевых реек "
424;"F-01039";150;165;"Сальники рулевых реек "
423;"F-00829";150;170;"Сальники рулевых реек "
422;"F-00716";150;170;"Сальники рулевых реек "
421;"F-00543";150;170;"Сальники рулевых реек "
420;"F-00229M";150;168;"Сальники рулевых реек "
419;"F-00238";150;126;"Сальники рулевых реек "
418;"F-01039A";150;294;"Сальники рулевых реек "
417;"F-00612";150;262;"Сальники рулевых реек "
416;"F-00387M";80;238;"Сальники рулевых реек "
415;"F-00387";80;137;"Сальники рулевых реек "
414;"F-00911XX";150;36;"Сальники рулевых реек "
413;"F-00764XX";150;37;"Сальники рулевых реек "
412;"F-00485XX";150;37;"Сальники рулевых реек "
411;"F-00467XX";150;37;"Сальники рулевых реек "
410;"F-00369XX";150;37;"Сальники рулевых реек "
409;"F-00023XX";150;37;"Сальники рулевых реек "
408;"F-00015XX";150;37;"Сальники рулевых реек "
407;"F-00243XX";150;88;"Сальники рулевых реек "
406;"F-00227";150;86;"Сальники рулевых реек "
405;"F-00038XX";150;88;"Сальники рулевых реек "
404;"F-00014XX";150;86;"Сальники рулевых реек "
403;"F-00121";150;56;"Сальники рулевых реек "
402;"F-00095";150;118;"Сальники рулевых реек "
401;"F-00830";150;213;"Сальники рулевых реек "
400;"F-00652";150;197;"Сальники рулевых реек "
399;"F-00121M";150;181;"Сальники рулевых реек "
398;"F-00095M";150;108;"Сальники рулевых реек "
397;"F-01158";80;150;"Сальники рулевых реек "
396;"F-00048";80;97;"Сальники рулевых реек "
395;"F-00445";150;303;"Сальники рулевых реек "
394;"F-00077";150;325;"Сальники рулевых реек "
393;"F-00601";150;149;"Сальники рулевых реек "
392;"F-00476";150;138;"Сальники рулевых реек "
391;"F-00966";150;0;"Сальники рулевых реек "
390;"F-00833";150;129;"Сальники рулевых реек "
389;"F-00226M";150;120;"Сальники рулевых реек "
388;"F-00226";150;298;"Сальники рулевых реек "
387;"F-01021";150;109;"Сальники рулевых реек "
386;"F-00360";150;75;"Сальники рулевых реек "
385;"F-00287";150;239;"Сальники рулевых реек "
384;"F-00237";150;0;"Сальники рулевых реек "
383;"F-00496";80;55;"Сальники рулевых реек "
382;"F-00295";80;111;"Сальники рулевых реек "
381;"F-00198";150;277;"Сальники рулевых реек "
380;"F-00078";80;109;"Сальники рулевых реек "
379;"F-00738";150;331;"Сальники рулевых реек "
378;"F-00831";150;161;"Сальники рулевых реек "
377;"F-00783";150;113;"Сальники рулевых реек "
376;"F-00651";150;85;"Сальники рулевых реек "
375;"F-00239";150;144;"Сальники рулевых реек "
374;"F-00236";150;318;"Сальники рулевых реек "
373;"F-00285";150;289;"Сальники рулевых реек "
372;"F-00028";80;784;"Сальники рулевых реек "
371;"F-00089";80;708;"Сальники рулевых реек "
370;"F-01157";80;215;"Сальники рулевых реек "
369;"F-00332";80;149;"Сальники рулевых реек "
368;"F-00941X";150;350;"Сальники рулевых реек "
367;"F-00242XX";150;17;"Сальники рулевых реек "
366;"F-00599X";150;56;"Сальники рулевых реек "
365;"F-00234X";150;73;"Сальники рулевых реек "
364;"F-00965X";150;0;"Сальники рулевых реек "
363;"F-00426X";150;50;"Сальники рулевых реек "
362;"F-00407X";150;72;"Сальники рулевых реек "
361;"F-00233X";150;52;"Сальники рулевых реек "
360;"F-00232X";150;58;"Сальники рулевых реек "
359;"F-00878X";150;43;"Сальники рулевых реек "
358;"F-00917X";150;150;"Сальники рулевых реек "
357;"F-00231X";150;150;"Сальники рулевых реек "
356;"F-01009X";150;77;"Сальники рулевых реек "
355;"F-00983X";150;67;"Сальники рулевых реек "
354;"F-00668X";150;86;"Сальники рулевых реек "
353;"F-00240X";150;51;"Сальники рулевых реек "
352;"F-00230X";150;71;"Сальники рулевых реек "
351;"F-00228X";150;34;"Сальники рулевых реек "
350;"F-01129X";150;155;"Сальники рулевых реек "
349;"F-00919X";150;152;"Сальники рулевых реек "
348;"F-00397X";150;468;"Сальники рулевых реек "
347;"F-01092X";150;174;"Сальники рулевых реек "
346;"F-00474X";150;180;"Сальники рулевых реек "
345;"F-01018X";150;50;"Сальники рулевых реек "
344;"F-01039X";150;95;"Сальники рулевых реек "
343;"F-00716X";150;85;"Сальники рулевых реек "
342;"F-00543X";150;89;"Сальники рулевых реек "
341;"F-00229X";150;89;"Сальники рулевых реек "
340;"F-00829X";150;30;"Сальники рулевых реек "
339;"F-00612X";150;30;"Сальники рулевых реек "
338;"F-00238X";150;310;"Сальники рулевых реек "
337;"F-00933";150;105;"Сальники рулевых реек "
336;"F-00830X";150;105;"Сальники рулевых реек "
335;"F-00652X";150;103;"Сальники рулевых реек "
334;"F-00121X";150;97;"Сальники рулевых реек "
333;"F-00095X";150;103;"Сальники рулевых реек "
332;"F-00077X";150;364;"Сальники рулевых реек "
331;"F-00601X";150;160;"Сальники рулевых реек "
330;"F-00476X";150;158;"Сальники рулевых реек "
329;"F-00445X";150;165;"Сальники рулевых реек "
328;"F-00966X";150;280;"Сальники рулевых реек "
327;"F-01021X";150;85;"Сальники рулевых реек "
326;"F-00833X";150;85;"Сальники рулевых реек "
325;"F-00360X";150;85;"Сальники рулевых реек "
324;"F-00226X";150;79;"Сальники рулевых реек "
323;"F-00198X";150;300;"Сальники рулевых реек "
322;"F-00831X";150;100;"Сальники рулевых реек "
321;"F-00783X";150;98;"Сальники рулевых реек "
320;"F-00651X";150;100;"Сальники рулевых реек "
319;"F-00236X";150;195;"Сальники рулевых реек "
318;"F-00285X";150;342;"Сальники рулевых реек "
317;"F-00028X";150;65;"Сальники рулевых реек "
316;"F-00927";80;150;"Сальники рулевых реек "
315;"F-00820";80;145;"Сальники рулевых реек "
314;"F-00837";80;149;"Сальники рулевых реек "
313;"F-00590";80;200;"Сальники рулевых реек "
312;"F-00130";80;240;"Сальники рулевых реек "
311;"F-00086";80;218;"Сальники рулевых реек "
310;"F-00296";80;238;"Сальники рулевых реек "
309;"F-01065";80;150;"Сальники рулевых реек "
308;"F-00758";80;207;"Сальники рулевых реек "
307;"F-00118";80;253;"Сальники рулевых реек "
306;"F-00036";80;176;"Сальники рулевых реек "
305;"F-00032";80;155;"Сальники рулевых реек "
304;"F-00082";80;311;"Сальники рулевых реек "
303;"F-00079";150;18;"Сальники рулевых реек "
302;"F-00926";150;110;"Сальники рулевых реек "
301;"F-00292M";150;120;"Сальники рулевых реек "
300;"F-00225M";150;113;"Сальники рулевых реек "
299;"F-00292";150;107;"Сальники рулевых реек "
298;"F-00225";150;93;"Сальники рулевых реек "
297;"F-00224";150;232;"Сальники рулевых реек "
296;"F-00090XX";150;189;"Сальники рулевых реек "
295;"F-00499";150;202;"Сальники рулевых реек "
294;"F-00402";150;170;"Сальники рулевых реек "
293;"F-00195";80;82;"Сальники рулевых реек "
292;"F-00223";150;110;"Сальники рулевых реек "
291;"F-00360XX";150;24;"Сальники рулевых реек "
290;"F-00226XX";150;31;"Сальники рулевых реек "
289;"F-00226XM";150;21;"Сальники рулевых реек "
288;"F-00916";80;483;"Сальники рулевых реек "
287;"F-00194";80;162;"Сальники рулевых реек "
286;"F-01179M";150;95;"Сальники рулевых реек "
285;"F-00396M";150;107;"Сальники рулевых реек "
284;"F-00024M";150;84;"Сальники рулевых реек "
283;"F-00012M";150;84;"Сальники рулевых реек "
282;"F-01179";150;26;"Сальники рулевых реек "
281;"F-00396";150;30;"Сальники рулевых реек "
280;"F-00024";150;43;"Сальники рулевых реек "
279;"F-00012";150;10;"Сальники рулевых реек "
278;"F-00034";150;211;"Сальники рулевых реек "
277;"F-00016";150;163;"Сальники рулевых реек "
276;"F-00642";150;88;"Сальники рулевых реек "
275;"F-00441";150;90;"Сальники рулевых реек "
274;"F-00035";150;37;"Сальники рулевых реек "
273;"F-00018";150;54;"Сальники рулевых реек "
272;"F-00097";80;101;"Сальники рулевых реек "
271;"F-00028XX";150;186;"Сальники рулевых реек "
270;"F-00089X";80;191;"Сальники рулевых реек "
269;"F-00739";150;78;"Сальники рулевых реек "
268;"F-00440";150;27;"Сальники рулевых реек "
267;"F-00865";80;201;"Сальники рулевых реек "
266;"F-00019";80;154;"Сальники рулевых реек "
265;"F-00901";150;77;"Сальники рулевых реек "
264;"F-00926X";150;100;"Сальники рулевых реек "
263;"F-00292X";150;100;"Сальники рулевых реек "
262;"F-00225X";150;97;"Сальники рулевых реек "
261;"F-00499X";150;45;"Сальники рулевых реек "
260;"F-00402X";150;42;"Сальники рулевых реек "
259;"F-01179X";150;100;"Сальники рулевых реек "
258;"F-00396X";150;100;"Сальники рулевых реек "
257;"F-00024X";150;97;"Сальники рулевых реек "
256;"F-00034X";150;0;"Сальники рулевых реек "
255;"F-00016X";150;0;"Сальники рулевых реек "
254;"F-00642X";150;75;"Сальники рулевых реек "
253;"F-00441X";150;75;"Сальники рулевых реек "
252;"F-00035X";150;73;"Сальники рулевых реек "
251;"F-00018X";150;75;"Сальники рулевых реек "
250;"F-00739X";150;150;"Сальники рулевых реек "
249;"F-00440X";150;132;"Сальники рулевых реек "
248;"F-0000B";150;462;"Сальники рулевых реек "
247;"F-00938";80;113;"Сальники рулевых реек "
246;"F-00526";80;150;"Сальники рулевых реек "
245;"F-00748";80;22;"Сальники рулевых реек "
244;"F-00123";150;530;"Сальники рулевых реек "
243;"F-00513";150;40;"Сальники рулевых реек "
242;"F-00797";150;44;"Сальники рулевых реек "
241;"F-00672";150;35;"Сальники рулевых реек "
240;"F-00512";150;41;"Сальники рулевых реек "
239;"F-00222M";150;38;"Сальники рулевых реек "
238;"F-00222";150;150;"Сальники рулевых реек "
237;"F-00221M";150;35;"Сальники рулевых реек "
236;"F-00221";150;150;"Сальники рулевых реек "
235;"F-00949";150;150;"Сальники рулевых реек "
234;"F-00807";150;147;"Сальники рулевых реек "
233;"F-00223XX";150;239;"Сальники рулевых реек "
232;"F-00220";150;69;"Сальники рулевых реек "
231;"F-00670A";150;15;"Сальники рулевых реек "
230;"F-00494";150;429;"Сальники рулевых реек "
229;"F-00948";150;3;"Сальники рулевых реек "
228;"F-00806";150;4;"Сальники рулевых реек "
227;"F-00670";150;53;"Сальники рулевых реек "
226;"F-00219";150;34;"Сальники рулевых реек "
225;"F-00889";80;87;"Сальники рулевых реек "
224;"F-00381";150;19;"Сальники рулевых реек "
223;"F-00333";80;13;"Сальники рулевых реек "
222;"F-00304";80;28;"Сальники рулевых реек "
221;"F-01010";80;30;"Сальники рулевых реек "
220;"F-00283";150;295;"Сальники рулевых реек "
219;"F-00396XX";150;118;"Сальники рулевых реек "
218;"F-00024XX";150;106;"Сальники рулевых реек "
217;"F-00642XX";150;47;"Сальники рулевых реек "
216;"F-00441XX";150;45;"Сальники рулевых реек "
215;"F-00035XX";150;45;"Сальники рулевых реек "
214;"F-00018XX";150;29;"Сальники рулевых реек "
213;"F-00497";150;467;"Сальники рулевых реек "
212;"F-00796";150;139;"Сальники рулевых реек "
211;"F-00280";150;108;"Сальники рулевых реек "
210;"F-00098";150;317;"Сальники рулевых реек "
209;"F-00890";80;82;"Сальники рулевых реек "
208;"F-00759";80;89;"Сальники рулевых реек "
207;"F-00680";80;85;"Сальники рулевых реек "
206;"F-00193";80;90;"Сальники рулевых реек "
205;"F-00069";80;68;"Сальники рулевых реек "
204;"F-00425";80;38;"Сальники рулевых реек "
203;"F-00284";150;68;"Сальники рулевых реек "
202;"F-00027";80;473;"Сальники рулевых реек "
201;"F-00123X";150;112;"Сальники рулевых реек "
200;"F-00797X";150;60;"Сальники рулевых реек "
199;"F-00672X";150;60;"Сальники рулевых реек "
198;"F-00512X";150;60;"Сальники рулевых реек "
197;"F-00222X";150;60;"Сальники рулевых реек "
196;"F-00221X";150;57;"Сальники рулевых реек "
195;"F-00949X";150;155;"Сальники рулевых реек "
194;"F-00807X";150;155;"Сальники рулевых реек "
193;"F-00220X";150;48;"Сальники рулевых реек "
192;"F-00670AX";150;28;"Сальники рулевых реек "
191;"F-00494X";150;403;"Сальники рулевых реек "
190;"F-00948X";150;100;"Сальники рулевых реек "
189;"F-00806X";150;100;"Сальники рулевых реек "
188;"F-00670X";150;100;"Сальники рулевых реек "
187;"F-00381X";150;100;"Сальники рулевых реек "
186;"F-00219X";150;98;"Сальники рулевых реек "
185;"F-00283X";150;590;"Сальники рулевых реек "
184;"F-00497X";150;414;"Сальники рулевых реек "
183;"F-00796X";150;54;"Сальники рулевых реек "
182;"F-00284X";150;337;"Сальники рулевых реек "
181;"F-00027X";150;337;"Сальники рулевых реек "
180;"F-00576";150;118;"Сальники рулевых реек "
179;"F-00494XX";150;328;"Сальники рулевых реек "
178;"F-00497XX";150;327;"Сальники рулевых реек "
177;"F-00547";150;241;"Сальники рулевых реек "
176;"F-00605";80;187;"Сальники рулевых реек "
175;"F-00442";80;297;"Сальники рулевых реек "
174;"F-00493";80;324;"Сальники рулевых реек "
173;"F-00531";80;334;"Сальники рулевых реек "
172;"F-00720";80;197;"Сальники рулевых реек "
171;"F-00667";80;188;"Сальники рулевых реек "
170;"F-00168";80;199;"Сальники рулевых реек "
169;"F-01148";80;69;"Сальники рулевых реек "
168;"F-00547X";150;67;"Сальники рулевых реек "
167;"F-00191";80;199;"Сальники рулевых реек "
166;"F-00104";80;184;"Сальники рулевых реек "
165;"F-00109";80;373;"Сальники рулевых реек "
164;"F-00420";80;37;"Сальники рулевых реек "
163;"F-00108";80;35;"Сальники рулевых реек "
162;"F-00667X";150;83;"Сальники рулевых реек "
161;"F-00659";150;57;"Сальники рулевых реек "
160;"F-00531X";150;68;"Сальники рулевых реек "
159;"F-00186";80;156;"Сальники рулевых реек "
158;"F-00100";80;196;"Сальники рулевых реек "
157;"F-00100A";80;57;"Сальники рулевых реек "
156;"F-00186A";80;31;"Сальники рулевых реек "
155;"F-01167";80;100;"Сальники рулевых реек "
154;"F-01153";80;99;"Сальники рулевых реек "
153;"F-00216";150;61;"Сальники рулевых реек "
152;"F-00166";80;99;"Сальники рулевых реек "
151;"F-00562";80;119;"Сальники рулевых реек "
150;"F-00640";80;105;"Сальники рулевых реек "
149;"F-00609";80;69;"Сальники рулевых реек "
148;"F-00502";80;150;"Сальники рулевых реек "
147;"F-00153";80;149;"Сальники рулевых реек "
146;"F-00217";150;0;"Сальники рулевых реек "
145;"F-00058";50;30;"Сальники рулевых реек "
144;"F-00884";50;131;"Сальники рулевых реек "
143;"F-00666";50;150;"Сальники рулевых реек "
142;"F-00054";50;145;"Сальники рулевых реек "
141;"F-01159";50;50;"Сальники рулевых реек "
140;"F-00978";50;100;"Сальники рулевых реек "
139;"F-00887";50;91;"Сальники рулевых реек "
138;"F-00681";50;93;"Сальники рулевых реек "
137;"F-00663";50;80;"Сальники рулевых реек "
136;"F-00558";50;87;"Сальники рулевых реек "
135;"F-00297";50;100;"Сальники рулевых реек "
134;"F-00063";50;101;"Сальники рулевых реек "
133;"F-00138";80;172;"Сальники рулевых реек "
132;"F-01159X";80;50;"Сальники рулевых реек "
131;"F-00978X";80;50;"Сальники рулевых реек "
130;"F-00887X";80;30;"Сальники рулевых реек "
129;"F-00681X";80;45;"Сальники рулевых реек "
128;"F-00663X";80;50;"Сальники рулевых реек "
127;"F-00558X";80;46;"Сальники рулевых реек "
126;"F-00297X";80;50;"Сальники рулевых реек "
125;"F-00063X";80;48;"Сальники рулевых реек "
124;"F-00915";80;134;"Сальники рулевых реек "
123;"F-00436";80;125;"Сальники рулевых реек "
122;"F-00641";80;86;"Сальники рулевых реек "
121;"F-00163";80;146;"Сальники рулевых реек "
120;"F-00158";80;148;"Сальники рулевых реек "
119;"F-00146";80;67;"Сальники рулевых реек "
118;"F-00561";50;110;"Сальники рулевых реек "
117;"F-00368";50;89;"Сальники рулевых реек "
116;"F-00868";50;605;"Сальники рулевых реек "
115;"F-00895";50;36;"Сальники рулевых реек "
114;"F-00688";50;44;"Сальники рулевых реек "
113;"F-00677";50;7;"Сальники рулевых реек "
112;"F-00087";50;28;"Сальники рулевых реек "
111;"F-00529";80;248;"Сальники рулевых реек "
110;"F-01071";80;55;"Сальники рулевых реек "
109;"F-00421";80;51;"Сальники рулевых реек "
108;"F-00145";80;29;"Сальники рулевых реек "
107;"F-00143";80;32;"Сальники рулевых реек "
106;"F-00144";80;0;"Сальники рулевых реек "
105;"F-00533";50;295;"Сальники рулевых реек "
104;"F-00607";50;795;"Сальники рулевых реек "
103;"F-00308";80;186;"Сальники рулевых реек "
102;"F-00184";80;160;"Сальники рулевых реек "
101;"F-00886";80;226;"Сальники рулевых реек "
100;"F-00140";80;133;"Сальники рулевых реек "
99;"F-01105";50;218;"Сальники рулевых реек "
98;"F-01100";50;78;"Сальники рулевых реек "
97;"F-00849";50;87;"Сальники рулевых реек "
96;"F-00037";50;398;"Сальники рулевых реек "
95;"F-00011";50;185;"Сальники рулевых реек "
94;"F-00040";50;81;"Сальники рулевых реек "
93;"F-00039";50;31;"Сальники рулевых реек "
92;"F-00030";80;137;"Сальники рулевых реек "
91;"F-01052";50;160;"Сальники рулевых реек "
90;"F-01051";50;155;"Сальники рулевых реек "
89;"F-00418";50;160;"Сальники рулевых реек "
88;"F-00187";50;158;"Сальники рулевых реек "
87;"F-00366";50;338;"Сальники рулевых реек "
86;"F-01072";50;165;"Сальники рулевых реек "
85;"F-00779";50;156;"Сальники рулевых реек "
84;"F-00600";50;166;"Сальники рулевых реек "
83;"F-00403";50;122;"Сальники рулевых реек "
82;"F-00114";50;95;"Сальники рулевых реек "
81;"F-00619";50;295;"Сальники рулевых реек "
80;"F-00769";50;20;"Сальники рулевых реек "
79;"F-00315";50;19;"Сальники рулевых реек "
78;"F-00111";50;45;"Сальники рулевых реек "
77;"F-00740";50;607;"Сальники рулевых реек "
76;"F-00110";50;640;"Сальники рулевых реек "
75;"F-00993";50;349;"Сальники рулевых реек "
74;"F-00459";80;382;"Сальники рулевых реек "
73;"F-00484";50;771;"Сальники рулевых реек "
72;"F-00313";50;358;"Сальники рулевых реек "
71;"F-00307";80;299;"Сальники рулевых реек "
70;"F-00163X";80;235;"Сальники рулевых реек "
69;"F-00993X";50;114;"Сальники рулевых реек "
68;"F-00313X";80;10;"Сальники рулевых реек "
67;"F-01140";50;409;"Сальники рулевых реек "
66;"F-00395";50;311;"Сальники рулевых реек "
65;"F-00189";50;304;"Сальники рулевых реек "
64;"F-00657";50;120;"Сальники рулевых реек "
63;"F-00136";50;121;"Сальники рулевых реек "
61;"F-01072X";80;45;"Сальники рулевых реек "
60;"F-00779X";80;39;"Сальники рулевых реек "
59;"F-00600X";80;32;"Сальники рулевых реек "
58;"F-00403X";80;20;"Сальники рулевых реек "
57;"F-00366X";80;45;"Сальники рулевых реек "
56;"F-00114X";80;33;"Сальники рулевых реек "
55;"F-00484X";80;179;"Сальники рулевых реек "
54;"F-00464";80;310;"Сальники рулевых реек "
53;"F-00185";50;285;"Сальники рулевых реек "
52;"F-00421X";80;48;"Сальники рулевых реек "
51;"F-00741";80;210;"Сальники рулевых реек "
50;"F-00164";80;208;"Сальники рулевых реек "
49;"F-00959";50;75;"Сальники рулевых реек "
48;"F-00117";50;47;"Сальники рулевых реек "
47;"F-00648";50;19;"Сальники рулевых реек "
46;"F-00517";50;19;"Сальники рулевых реек "
45;"F-00183";50;15;"Сальники рулевых реек "
44;"F-00051";50;8;"Сальники рулевых реек "
43;"F-01091";50;107;"Сальники рулевых реек "
42;"F-00855";50;87;"Сальники рулевых реек "
41;"F-00771";50;63;"Сальники рулевых реек "
40;"F-00152";50;74;"Сальники рулевых реек "
39;"F-00782";50;132;"Сальники рулевых реек "
38;"F-00632";50;125;"Сальники рулевых реек "
37;"F-00080";50;93;"Сальники рулевых реек "
36;"F-00182";50;219;"Сальники рулевых реек "
35;"F-00982";80;2;"Сальники рулевых реек "
34;"F-00519";80;1;"Сальники рулевых реек "
33;"F-00781X";80;16;"Сальники рулевых реек "
32;"F-00687";150;119;"Сальники рулевых реек "
31;"F-00122";150;92;"Сальники рулевых реек "
30;"F-00165";80;226;"Сальники рулевых реек "
29;"F-00465";80;259;"Сальники рулевых реек "
28;"F-00154";50;244;"Сальники рулевых реек "
27;"F-00473";50;24;"Сальники рулевых реек "
26;"F-00414";50;21;"Сальники рулевых реек "
25;"F-00356";80;113;"Сальники рулевых реек "
24;"F-00556";80;358;"Сальники рулевых реек "
23;"F-00586";80;350;"Сальники рулевых реек "
22;"F-00506";80;89;"Сальники рулевых реек "
21;"F-00148";80;88;"Сальники рулевых реек "
20;"F-00976";50;18;"Сальники рулевых реек "
19;"F-01106";80;48;"Сальники рулевых реек "
18;"F-00894";80;48;"Сальники рулевых реек "
17;"F-00689";80;58;"Сальники рулевых реек "
16;"F-00555";80;61;"Сальники рулевых реек "
15;"F-00149";80;28;"Сальники рулевых реек "
14;"F-00052";50;181;"Сальники рулевых реек "
13;"F-00365";50;0;"Сальники рулевых реек "
12;"F-00744";80;93;"Сальники рулевых реек "
11;"F-00597";80;94;"Сальники рулевых реек "
10;"F-00432";80;62;"Сальники рулевых реек "
9;"F-00523";150;520;"Сальники рулевых реек "
8;"F-00372";150;561;"Сальники рулевых реек "
7;"F-00726";150;578;"Сальники рулевых реек "
6;"F-00178";150;245;"Сальники рулевых реек "
5;"F-00102";150;245;"Сальники рулевых реек "
4;"F-00608";80;451;"Сальники рулевых реек "
3;"F-00355";80;250;"Сальники рулевых реек "
2;"F-00074";80;250;"Сальники рулевых реек "
1;"F-0000A";150;363;"Сальники рулевых реек "
